{"train_loss":0.7680081939697265,"eval/accuracy":0.001,"_wandb":{"runtime":489},"train_samples_per_second":14.062,"train/global_step":50,"_runtime":489,"train_steps_per_second":1.758,"eval/samples_per_second":78.088,"eval/runtime":12.8061,"train_runtime":28.4448,"eval/loss":0.7526571750640869,"train/grad_norm":4.914869785308838,"eval/steps_per_second":1.249,"total_flos":1.32467398656e+13,"_timestamp":1.763806208374323e+09,"train/loss":0.768,"train/learning_rate":4.0000000000000003e-07,"_step":26,"train/epoch":2}