{
  "seed": 40,
  "batch_size": 64,
  "lr": 0.001,
  "epochs": 20,
  "device": "cpu",
  "train_time_s": 944.0982310771942,
  "test_accuracy": 0.9925,
  "test_loss": 0.037084239047765734
}