{
  "best_params": {
    "lr": 0.0009377638864569318,
    "batch_size": 64,
    "n_filters": 48,
    "dropout": 0.43625153101958125,
    "optimizer": "adam"
  },
  "seed": 2025,
  "epochs": 20,
  "device": "cpu",
  "train_time_s": 1342.7500710487366,
  "test_accuracy": 0.9914,
  "test_loss": 0.043166443729400636
}